prompt,status,branch,pr_number,merge_sha,preview_url,report
P00,merged,docs/water-intelligence-p00-baseline,142,9b18c7c046c86aa956a55355c67fa8be8a39d9de,,
P01,merged,feat/water-intelligence-p01-source-catalog,144,87a6dc4b85e2654a258f0c4bcaee416f0b9155f1,,Reliquat technique (parseur + tests) livre par la PR #145 / 818c5f9066013d9b0d1b585ca8a4692403465ff0
P02,merged,feat/water-intelligence-p02-data-contracts,146,f0e220c3786de162dbddb38afc927948fb29e62b,,
P03,merged,feat/water-intelligence-p03-ingestion-pipeline,147,04fe94ae787b9765ba00f6e96adbf531bbedac26,,
P04,merged,feat/water-intelligence-p04-public-shell,148,87c2024fa7be185fce5dbd9f1ce1cc940f83dd99,,Correctif P04B (retrait des chiffres fictifs visibles) livre par la PR #149 / 74dafd2131993ca87873b87d545bc34689b8ca09
P05,merged,feat/water-intelligence-p05-wri-aqueduct,150,48f6d3a5d371a11cd5ef0cff63bf4534340dcb65,,Licence CC BY 4.0 verifiee ; publication publique bloquee tant que l enregistrement WRI n est pas effectue (decision humaine)
P06,merged,feat/water-intelligence-wave-a-eu-connectors,153,e36c97c5b3d1a5724a2288534915b4e8e0232692,,Livre dans Wave A. Connecteur EEA WEI+ ; releases edition 01.00 epinglees ; licence CC BY 4.0 verifiee ; aucune moyenne inter-bassins (agregat = distribution de comptes) ; vocabulaire d en-tete officiel non verifie donc format canonique + geste operateur. Commit de cloture : le trimestre n est PLUS dans metric_code, la periode passe par le PeriodResolver
P07,merged,feat/water-intelligence-wave-b-hubeau,155,daaf8f0ab533460c1d50a0d4dbc62194f2d1e205,,Livre dans Wave B. Socle operateur borne + hydrometrie et piezometrie ; unites natives conservees (l/s, mm, m NGF, m) ; aucune interpolation ; PeriodResolver Wave A utilise
P08,merged,feat/water-intelligence-wave-b-hubeau,155,daaf8f0ab533460c1d50a0d4dbc62194f2d1e205,,Livre dans Wave B. Prelevements (absence de declaration != zero) et qualite des cours d eau (allowlist SANDRE sourcee, aucun classement sanitaire). Qualite des NAPPES hors perimetre : gate non concluant
P09,merged,feat/water-intelligence-wave-a-eu-connectors,153,e36c97c5b3d1a5724a2288534915b4e8e0232692,,Livre dans Wave A avec BLOCAGE assume et formalise (source_verified_decoder_deferred) : CDI v4.1 verifie mais seuls GeoTIFF et NetCDF sont distribues ; decodage raster refuse sans ADR ; gate + configuration + contrat + tests livres, aucune valeur produite ; arbitrage humain requis
P10,merged,feat/water-intelligence-wave-c-public-data-product,156,eb2a89840f14a738211215ef294556203a761f15,,Livre dans Wave C (PR #156). Aucune source publiable : le gate licence exige une decision humaine explicite et signee, aucune n est active. Snapshot vide valide et rendu honnetement
P11,merged,feat/water-intelligence-wave-c-public-data-product,156,eb2a89840f14a738211215ef294556203a761f15,,Livre dans Wave C (PR #156). Aucune source publiable : le gate licence exige une decision humaine explicite et signee, aucune n est active. Snapshot vide valide et rendu honnetement
P12,merged,feat/water-intelligence-wave-c-public-data-product,156,eb2a89840f14a738211215ef294556203a761f15,,Livre dans Wave C (PR #156). Aucune source publiable : le gate licence exige une decision humaine explicite et signee, aucune n est active. Snapshot vide valide et rendu honnetement
P13,merged,feat/water-intelligence-wave-d-decision-layer,157,618a222183e8eeecc7d1cab7e92f64b78d3ae968,,Livre dans Wave D. Registre juridique versionne + moteur de portee a quatre verdicts. AUCUNE regle instruite : ni source officielle relevee ni reviseur juridique designe, donc unknown partout. Aucun seuil reglementaire encode
P14,merged,feat/water-intelligence-wave-d-decision-layer,157,618a222183e8eeecc7d1cab7e92f64b78d3ae968,,Livre dans Wave D. Neuf ponts a chemin nu (aucun parametre, aucun champ tenant) + synthese authentifiee a six facettes sans score global, degradation par facette
P15,merged,feat/water-intelligence-wave-d-decision-layer,157,618a222183e8eeecc7d1cab7e92f64b78d3ae968,,Livre dans Wave D. Moteur pur d hypotheses explicites : aucune ecriture comptable, aucun taux inventé, aucune probabilite produite par un modele
P16,partially_merged_ui_pending_visual,feat/water-intelligence-wave-e-ui-closeout,159,,,Volet QA fonctionnelle complete en Wave E-Interface : contraste mesure et corrige, hierarchie de titres corrigee, resilience testee, E2E publics verts en CI. Volet QA VISUELLE toujours NON FAIT : aucune page regardee, checklist livree non cochee
P17,awaiting_human_review,feat/water-intelligence-wave-e-ui-closeout,159,,,Dossier de cloture livre (FINAL_TRACEABILITY.md + HUMAN_DECISION_PACKET.md). Quatre endpoints verifies sur la Preview carbonco-api. PR 159 ouverte en Draft, NON FUSIONNEE. E2E authentifies prepared_not_executed_environment_not_configured. Dix decisions humaines non signees
P18,decided_documentary,,,,,Decision documentaire uniquement : conserver /water-intelligence et /water, aucun redirect /eau dans cette vague, reevaluation de l URL seulement avec analytics et retours utilisateurs
